CustomerID,Actual_Monetary,Predicted_Linear,Predicted_RandomForest
17785,131.94,-154.10972228899163,390.5234728973286
14320,477.79,1204.0430915927395,1004.6891657142857
15977,1054.73,515.3974277030327,640.2335027823564
12364,1313.1,1668.5496256799638,1866.132486082252
14566,1432.0,-324.98294510198673,124.6607104761905
13521,1071.73,1124.9490609185677,726.6795053679657
12515,383.7,201.78282349119831,132.21613333333318
15528,229.33,498.5626315348213,526.7382938095235
15071,982.07,287.5664639523726,320.09801111111113
16275,559.87,672.433630186641,1204.4810076190472
15572,2533.42,3362.304612579467,2691.647056111111
16029,80850.84,37219.71513739772,149410.5561
13772,1122.63,1029.0202340761846,917.1071804761904
18033,93.82,-190.0830323548853,169.43616777712478
14544,2004.3,494.41299683126135,956.9538363655786
13495,2044.87,2230.136845474307,1868.25205468254
17374,495.77,1168.0697815268459,406.07886991341985
16841,1869.82,2704.788565942741,2027.8038533333345
12818,1542.08,477.5782006630502,296.69285168942184
17556,157.9,645.4536476372207,314.1146749999996
17706,10504.49,12743.852702805496,24675.6421420635
13334,3502.32,882.1292179737852,1052.9170214285707
16555,285.89,461.4374626041922,1215.613551522366
15750,2463.05,3929.88738405146,4868.080125873017
15245,2515.84,726.2448743549123,1246.856479999999
14850,325.75,327.68940872182634,242.19118797619046
12480,3281.63,1605.59633306465,1632.6290925793649
16025,439.66,-82.16310215720421,335.9397686835388
12721,2656.13,2719.777445136863,2712.201423690475
14333,415.2,-196.07858403253425,761.9423649891775
15976,427.64,1326.951900984543,449.5924755555558
14346,1021.58,206.62651630411176,594.4372700000001
17447,541.53,446.4485834100698,1042.1258082215013
16978,344.33,-226.056342420779,515.2553499290477
13460,183.44,479.42411763713903,712.657688034694
14462,1980.57,5422.791389749723,5011.323599999999
15159,18641.01,20053.479887648435,12289.314993333328
15201,1236.54,1990.314778368349,2341.0972166666643
15088,1160.07,503.4063243477349,419.9217421428571
12704,2340.84,3914.898504857337,2683.00508563492
12955,4757.16,5617.646819273314,3271.5768950000056
17839,318.15,-121.13418806192237,235.2165785164835
17109,881.29,2725.772996814512,1435.1468266666675
14059,183.6,462.5893214689278,285.299035975691
14019,1421.61,990.0491481714664,1526.6058937048333
16858,375.69000000000005,156.81618590883124,116.60103988095243
15054,302.1,530.3863068971552,467.23215011904773
15653,877.44,290.5642397911971,667.1963191269839
14104,216.21,1359.9274352116122,1051.0128166666666
16150,2053.02,2125.2146911154505,1959.1788976190508
15381,596.85,1183.0586607209682,522.7503535714291
17158,1266.97,1032.018009915009,1209.6606146031754
13171,468.41,1064.9935441420782,1017.6952368482905
14960,221.27,542.377410252453,844.1900874519921
13510,1791.56,1686.5362807129109,1753.684935072705
15319,204.5,411.6271322089117,175.51426964285722
16160,1025.44,371.50418743945795,764.2812020883281
14367,9227.82,12170.274379655857,4904.935685
12526,1316.66,1127.9468367573922,626.9139027994233
16358,2027.5,1686.5362807129109,1753.684935072705
14538,388.25,374.50196327828235,640.4148176190477
14100,191.95,-405.92289275024757,777.9898554365075
13652,1095.08,993.0469240102907,1072.6281276190477
16898,501.03,1050.004664947956,911.4919182980909
16293,2248.99,4996.104082702481,3017.5869965476204
16499,365.45,742.3856124137703,313.8582533333339
16102,1842.14,1002.0402515267642,688.5060616666668
14527,8507.13,34090.16260666819,45799.925600000046
16131,3506.54,2659.821928360374,1943.7265334523804
17761,712.78,-91.15642967367762,297.5392956746032
15468,467.51,413.4730491830006,1252.8704569383397
12683,8476.57,11620.67826321681,16967.85652531748
12566,351.65,-253.0363249701993,281.60863357142864
17574,185.65,534.5359416007152,299.9738422727273
13430,679.45,512.3996518642082,534.3946443026746
18159,530.15,357.6671671100711,330.5506950000001
12432,5059.32,2125.2146911154505,1959.1788976190508
16103,1429.64,2791.7240652686505,2222.0671969388945
14356,701.23,329.5353256959153,406.46746214285724
16715,301.72,-229.0541182596035,301.5838093425725
17999,380.39,455.4419109265433,582.3974163095236
17080,287.62,500.40854850891037,969.1972011346987
14002,529.73,164.65765456056909,628.0687999999992
12725,427.8,147.82285839235772,292.1509684523808
12532,349.83000000000004,-85.16087799602866,310.55920895204423
16333,26626.8,15542.79547426074,5835.760700000004
15917,123.1,519.5470624065929,257.2649402380953
15942,337.44,-393.93178939494965,322.96851825396817
16768,478.09,987.0513723326419,1526.6058937048333
15117,1551.78,2209.152414602536,1349.1551171428584
13532,210.31,-94.15420551250207,1108.9731214754684
15797,2207.4,1350.7853867645695,1406.136624999999
15353,770.12,1060.1498513291647,361.1663666666666
13321,567.36,350.5197565676866,521.634575
12919,1335.19,2788.7262894298265,2604.5817561652234
12875,343.2300000000001,137.67767201114884,530.0110199999996
17658,595.42,491.41522099243707,558.7949733585857
15005,6295.37,18888.336586316207,12180.185699999989
17849,605.8000000000001,2291.244221115532,869.2146166666671
17768,2081.9,1103.9646300467964,799.1946873412701
12712,4396.13,6659.881311213739,4861.540415476195
14856,1290.53,1020.026906559711,598.3337378968254
14601,213.96,-25.2053612195391,247.35441103174605
17863,3160.0,2635.839721649778,2053.677012460317
12890,376.72,-67.17422296308183,290.6324581024367
16698,1998.0,1144.08757481625,466.48949999999985
15330,714.9599999999999,470.43079012066573,583.4932803571428
15147,623.5,540.531493278364,253.75785476190475
17656,1674.69,2032.2836401118916,2179.5780791666684
14083,1002.9,4485.479052168154,2691.1928442857143
12544,372.7,-103.14753302897549,295.71588975108233
13563,777.53,314.54644650179284,610.6106722222222
13727,333.48,482.42189347596354,633.9508481746035
15405,349.1,693.4180610584124,306.12504738095265
17585,1116.68,1362.7764901198675,1415.1167
13859,201.16,282.72277113945916,148.21995714285714
15584,720.86,1620.5852122587726,1762.469033809524
18055,6761.34,5038.072944446023,3934.904951666669
14257,3099.7200000000003,2059.263622661312,2028.0724750000022
13354,743.53,-208.06968738783218,287.60101574980575
18095,580.05,886.2788526773452,518.6622466666663
17345,519.6899999999999,1644.5674189693682,945.4685201767674
13014,3466.28,5029.07961692955,3587.2028833333343
14216,1839.3,1680.5407290352618,1393.3759620969713
13774,345.0,-238.04744577607693,1112.7057424206353
12937,1504.27,1644.5674189693682,945.4685201767674
14174,134.46,-94.15420551250207,1108.9731214754684
12701,797.71,329.5353256959153,406.46746214285724
13517,2128.42,951.078062266748,1843.2792914285715
14577,859.71,1653.5607464858417,832.7790808730158
13140,422.47,804.1870461643489,1438.9370509523826
14404,1449.32,2713.781893459214,7077.596189999995
12902,138.68,468.5848731465767,218.76443714285725
14323,605.0600000000001,224.6131713370586,1056.5673366666667
14859,1353.74,1653.5607464858417,832.7790808730158
12463,1344.78,1530.6519370940382,1089.6309866666668
16215,242.35,-235.04966993725247,1034.8601554978354
16157,656.69,1082.980199175025,1409.2488613095227
15712,1072.36,2224.1412937966584,2335.3967326190473
13265,2092.66,2092.2391568883813,2188.044124404761
13136,2607.61,2083.245829371908,1993.5530133333325
16092,817.86,786.2003911314021,1438.753658333332
15707,916.98,1584.6119021928785,740.4525650000003
16470,752.77,1536.6474887716872,1686.39777202381
13062,346.98,687.4225093807634,284.1126766666667
12535,716.35,293.5620156300215,529.6499000000002
13531,483.8,1207.040867431564,975.7145407142854
16332,1582.8,3290.35799244768,2409.642323809524
17940,4020.04,4912.1663592153955,2516.596300000001
14415,5855.57,6740.821258862,4454.529053333336
13743,1341.6,3368.300164257116,2363.4352238697406
17827,1987.33,2236.132397151956,1525.829267372905
17254,271.19,554.3685136077509,583.7600439056274
18212,216.07,282.72277113945916,148.21995714285714
16618,2647.59,2158.1902253425196,1424.8261933333333
17775,56.4,498.5626315348213,526.7382938095235
17566,869.77,542.377410252453,844.1900874519921
16743,2213.13,3287.3602166088554,2689.7487228937725
17674,551.04,344.5242048900376,485.600186089466
15301,5049.95,6032.343022965258,3434.1557500000026
15885,379.35,852.1514595855404,1117.758925
15571,650.4300000000001,1656.5585223246662,1360.6042666125875
17180,783.97,1521.6586095775647,1505.6868283333333
18255,103.3,-262.0296524866727,512.938535609668
12724,1031.41,1674.5451773576128,999.4327307353761
18242,2232.49,1473.694196156373,2346.0997009856796
17495,497.56,545.3751860912776,717.2882642168858
13005,513.7,1302.9696942739472,416.1489305555556
17364,4462.68,5620.644595112138,3771.8671716666704
15820,206.98,303.7072020112305,634.5558158838381
15807,903.9,978.0580448161684,645.1804190331891
16532,6748.8,1076.984647497376,659.589212486125
12497,1043.1,-238.04744577607693,1112.7057424206353
13764,1519.42,918.1025280396789,2152.220940156509
14693,172.9,468.5848731465767,218.76443714285725
15695,409.98,1024.176541263271,829.4402999999988
14480,279.05,-28.20313705836361,407.81865757020773
15814,1945.33,1641.5696431305437,2331.0922186163843
17767,271.2,-40.19424041366153,363.6883648532023
14423,265.2,606.4825617325025,170.72142871156626
14248,302.58,306.704977850055,364.9854354978353
18045,178.34,-130.1275155783958,623.5100350468977
16727,256.32,168.80728926412905,183.36504107142864
16997,702.0,1519.8126926034756,532.3791999999991
16902,1706.88,-342.96960013493356,437.7401765873017
14286,4628.75,1058.9979924644292,905.0808915314589
13781,127.84,510.55373489011936,277.21679963203457
12995,211.32,-250.03854913137485,813.2615009523811
15374,168.0,-378.9429102008273,292.2245326587302
13568,187.05,741.3824744796041,166.80848318903318
15869,149.64,991.2010070362016,971.1042016666671
17698,154.95,480.5759765018747,363.00679547619023
13932,307.4,378.65159798184243,228.31333809523804
17972,135.19,537.5337174395397,187.20432857142845
13194,60.7,-399.92734107259867,281.4894116666667
17051,240.89,678.4291818642901,397.66565142857144
16175,1037.59,1407.7431277022347,1225.81038
14867,710.28,1828.583604002397,357.64064500000006
13305,2000.86,5047.066271962497,2592.9410533333335
14451,643.9,386.49306663358027,1236.2614807142857
13730,752.6,161.65987872174458,597.8432869047613
15861,3146.92,3899.9096256632147,1560.6242438888876
17609,1105.78,2131.2102427930995,712.3287259920637
18013,187.29,1356.9296593727877,520.5943566666666
16597,90.04,-7.2187061865922715,210.43141723665235
14505,5859.43,3884.9207464690926,3057.4786297619057
15537,110.92,771.3602328678487,179.74077999999992
12410,693.33,898.269956032643,444.31791666666635
17926,397.29,167.6554303993936,742.0240666666664
12951,1064.07,2788.7262894298265,2604.5817561652234
15311,60632.75,53058.072773514665,116849.75509999998
18006,444.68,-64.17644712425732,286.9755065863303
13755,2108.06,4488.476828006978,2337.4291716666635
15916,1502.86,3887.9185223079166,3010.301464444443
16372,355.73,467.4330142818412,851.7064555627708
14598,221.97,-127.12973973957133,342.2844877308803
16624,810.57,326.53754985709077,558.7015400000005
14581,138.6,-43.19201625248604,384.7289916666668
13134,1793.58,1434.7231102516548,987.842640000001
14298,51527.3,27894.716533897466,61035.2273
12534,1089.18,-384.93846187847623,490.68903431457375
15106,1422.52,2200.1590870860623,2140.489301190477
15364,913.19,281.5709122747237,915.4269338997113
13939,568.55,1058.9979924644292,905.0808915314589
12556,599.56,416.470825021825,807.7912701416149
18109,8004.92,17807.13100847106,11674.126450000009
16816,417.06,1380.7631451528143,1243.4545800000005
17806,546.04,-28.20313705836361,407.81865757020773
14719,1581.84,2248.123500507254,1272.9436722708224
16748,1515.9,2200.1590870860623,2140.489301190477
18074,489.6,141.8273067147088,234.66841081911173
15644,803.54,2447.128564734405,1770.1601999999987
13501,1340.32,396.63825301478926,293.3877919083693
17841,40519.84,71587.45325088917,148535.6401999999
16849,124.57,702.4113885748859,307.03405047619054
14768,192.6,515.3974277030327,640.2335027823564
13232,1328.35,3338.3224058688716,1597.7601851190473
13950,745.0600000000001,1656.5585223246662,1360.6042666125875
17582,175.27,552.522596633662,278.8011853427129
14409,2059.4500000000003,2599.866411583884,2032.2649999999965
13984,920.51,2173.179104536642,2179.695303412698
12536,12601.830000000002,999.0424756879397,662.253405952381
15206,420.3,1659.5562981634907,1219.351451681097
12572,1020.42,542.377410252453,844.1900874519921
17718,139.35,564.5136999889598,351.60937083333323
14514,990.2,945.0825105890992,1587.076708341936
16718,606.0500000000001,153.81841007000673,246.74950571428556
14034,648.89,1061.9957683032537,1179.7501279660182
14023,584.07,545.3751860912776,717.2882642168858
17454,517.53,2369.1863929249685,1119.5341699999997
16208,664.26,434.45748005477196,706.3331964682538
12942,675.6,735.2382018713859,443.29869999999937
12355,459.4,618.4736650878006,165.13552952380934
15938,404.58,1915.370382397737,1523.9936783333335
13166,417.2,411.6271322089117,175.51426964285722
13117,984.91,3872.9296431137946,2817.582648095241
14242,280.55,1120.1053681056542,1285.8149500000006
16536,548.12,-324.98294510198673,124.6607104761905
17165,158.68,408.6293563700872,278.36984396825403
12812,229.64,-127.12973973957133,342.2844877308803
16424,133.56,687.4225093807634,284.1126766666667
17651,3945.0,5026.081841090725,2448.478323333333
16085,981.51,2182.1724320531157,936.9302215836951
16139,635.4100000000001,1073.9868716585515,2190.1415769047635
15175,224.14,-208.06968738783218,287.60101574980575
14641,110.46,-58.18089544660836,332.5095503196802
17601,116.01,543.5292691171885,701.2200161111111
12578,2794.51,503.4063243477349,419.9217421428571
17571,1425.67,1539.6452646105117,1382.3916257142846
17423,698.41,428.46192837712294,784.4269290476192
13917,272.04,419.46860086064953,1080.158768448478
14125,2720.63,1097.9690783691474,2385.2811796212136
18287,1837.28,1002.0402515267642,688.5060616666668
14461,2103.06,1939.5013100389024,808.3556999999997
12640,1174.58,1058.9979924644292,905.0808915314589
18248,804.02,200.63096462646274,416.2937904761903
17843,205.48,351.6716154324222,226.71049714285718
17242,1135.04,242.59982637000542,419.2543685714283
12609,1126.85,894.120321329083,3022.3551479112566
12449,4067.29,1623.582988097597,2046.2615121998576
13085,416.08,1350.934107695139,546.2420666666674
18263,1213.16,1053.0024407867804,1873.3030320634928
14291,3883.25,5617.646819273314,3271.5768950000056
12991,503.76,497.41077267008586,421.7571654870129
14141,915.13,1683.5385048740864,1212.2964877380955
17105,665.78,1344.9385560174899,311.5145000000002
17866,329.65000000000003,-420.91177194437,383.68432678571423
14463,529.62,834.1648045525935,1138.0700333333345
16619,226.21,471.5826489854012,303.0898850288602
14243,2588.77,5035.075168607199,3533.74771404762
12732,236.26,723.3958194466572,387.8522873881673
14860,170.32,-52.1853437689594,203.66351425784188
15883,396.48,560.3640652853999,635.9873312554114
16185,529.41,518.3952035418572,631.1820225138947
14524,1843.83,4404.539104519893,3188.94494
17531,296.7,690.4202852195879,285.20942666666673
12713,848.55,4.772397168705652,315.35240404761896
12373,364.6,327.68940872182634,242.19118797619046
13558,594.52,1674.5451773576128,999.4327307353761
12582,511.36,1108.1142647503564,532.396640238096
12735,779.5699999999999,877.2855251608717,410.6070999999998
16134,618.09,503.4063243477349,419.9217421428571
16342,322.41,1464.7008686398997,1594.5445333333344
13070,228.8,684.4247335419388,210.04058999999995
12679,1113.02,1515.6630578999157,1092.4742815873014
15070,106.2,144.82508255353332,335.9296824884404
17567,4331.48,3914.898504857337,2683.00508563492
17227,939.32,2758.7485310415814,2308.5895250396807
13473,422.64,386.49306663358027,1236.2614807142857
13243,585.12,651.4491993148697,107.01374166666666
13955,322.96,1359.9274352116122,1051.0128166666666
13894,564.62,1058.9979924644292,905.0808915314589
17771,245.81,398.4841699888782,847.309324230769
17226,393.49,336.68273623829975,359.89312666666666
13282,1132.14,1073.9868716585515,2190.1415769047635
15465,7354.62,13260.473285017473,8803.916283333328
18004,157.92,174.80284094177807,178.53042379870135
12513,612.29,-330.9784967796357,325.58582857142864
18268,25.5,-396.92956523377416,388.3781435714284
13737,339.6,660.4425268313432,565.8564033333339
15758,205.25,-67.17422296308183,290.6324581024367
13043,516.42,441.60489059715644,139.3404547619047
14966,183.02,-37.19646457483702,215.12817730880238
14688,5579.1,14981.208254466397,7744.182999999999
16711,1651.03,2242.127948829605,2689.6362737301574
17228,1906.09,3890.9162981467416,3669.9441702380923
17245,171.45000000000002,648.4514234760452,195.21524761904755
16722,4730.81,6692.856845440809,3950.697473333338
15944,325.1,432.611563080683,241.32335412698413
17838,2720.8,2173.179104536642,2179.695303412698
15322,679.68,-250.03854913137485,813.2615009523811
12590,9864.26,1189.0542123986172,1230.9693816666665
15673,2726.23,1425.7297827351815,915.6111000000002
12618,177.31,-58.18089544660836,332.5095503196802
15193,499.32,-175.09415316076291,393.40403285063655
15706,1060.56,1500.6741787057936,2618.7341509523812
12586,196.94000000000003,-46.18979209131044,204.4452970957599
14051,15610.39,16125.367124926855,8816.870412857132
15277,255.9,-133.1252914172203,443.7454831942976
15133,982.42,747.2293052266837,967.5777000000012
12731,18895.91,9878.958862896117,12752.821124166669
16837,3170.98,5527.713544108579,5063.422175000002
16659,39.12,693.4180610584124,306.12504738095265
15743,775.96,1641.5696431305437,2331.0922186163843
16324,408.59,744.2315293878594,639.619599999999
13389,797.96,1094.9713025303229,1250.8308005952392
17398,653.38,786.2003911314021,1438.753658333332
15339,574.07,368.50641160063344,1494.3718680677641
18202,1396.99,1786.6147422588542,509.1198967857136
13359,439.56,-184.08748067723639,498.4549029292928
17948,358.56000000000006,819.3246462890404,695.7225249999995
18170,980.31,1029.0202340761846,917.1071804761904
13477,1454.58,2701.7907901039166,5230.488450000008
17309,82.75,-280.0163075196196,396.09720404761936
12912,1662.3,2245.1257246684295,1148.6282969047622
13124,3756.33,861.1447871020139,1163.5469630952375
12600,2599.04,4975.119651830709,2399.7431499999984
16617,151.85,555.5203724724865,310.85834261904756
16882,705.12,930.0936313949769,796.8844366666667
17282,1685.46,738.2359777102104,432.3466999999993
13419,221.06,-184.08748067723639,498.4549029292928
16855,328.40000000000003,497.41077267008586,421.7571654870129
13426,3641.32,5059.057375317794,2398.954742593794
14607,16209.5,11026.115509195399,8757.567891666678
17287,1049.06,3296.353544125329,3400.9435916666694
13975,2461.24,2719.777445136863,2712.201423690475
16710,2467.99,5002.09963438013,3643.4584800793655
13417,640.83,554.3685136077509,583.7600439056274
13860,1245.9,2248.123500507254,1272.9436722708224
13722,2375.41,735.2382018713859,443.29869999999937
13947,90.6,-190.0830323548853,169.43616777712478
14589,39.75,147.82285839235772,292.1509684523808
12386,401.9,811.3344567067331,568.1216666666669
16839,16594.35,22278.844335954032,12997.756000000001
13771,2634.45,1497.676402866969,1914.2564766666678
16500,400.86,2800.717392785124,2742.294247810245
13376,1019.76,831.167028713769,1154.6020233333345
13980,200.14,-175.09415316076291,393.40403285063655
17181,239.92,395.4863941500537,815.5426238990179
16906,559.59,1446.7142136069529,951.5258523809534
13548,678.16,278.5731364358992,495.7588125
16569,124.2,-4.220930347767762,315.9693061688311
16422,34684.4,31798.84708990845,64311.17120000004
12824,397.12,-172.09637732193846,317.5322104365081
13699,308.58000000000004,795.3424395784446,713.7877273809524
14501,251.21,1272.9919358857023,549.7430099999995
14093,433.86,-31.200912897188118,239.58286777777778
14499,808.44,1050.004664947956,911.4919182980909
15795,610.01,813.3290946113914,341.09406694444436
15396,288.18,-330.9784967796357,325.58582857142864
13095,74.39999999999999,-205.07191154900772,487.88420070346314
14585,157.05,-145.11639477251816,469.6615810232714
18118,5625.08,17780.15102592164,29183.871000000014
17749,674.52,1287.9808150798249,674.9460583333337
14295,166.20000000000002,-115.13863638427341,342.2110892606807
12657,1643.18,1656.5585223246662,1360.6042666125875
15668,76.32000000000001,609.480337571327,169.49467468253977
15689,254.1,209.62429214293627,604.3734366666669
16236,432.2,-229.0541182596035,301.5838093425725
17525,422.7,183.7961684582515,162.3451792640693
13748,948.25,1966.3325716577533,2098.231919999999
13137,3603.29,3905.9051773408637,2398.0559544444436
12967,1660.9,748.3811640914191,313.8582533333339
14173,450.84,1659.5562981634907,1219.351451681097
16987,1616.8,3365.3023884182917,4350.624103214287
13898,155.93,285.72054697828366,99.910025
17034,745.52,1079.9824233362006,1105.4576574999992
14142,311.81,141.8273067147088,234.66841081911173
15415,559.61,321.6938570441773,361.2715221428569
12445,133.4,-61.17867128543287,352.47282503246754
17625,2020.4,1635.5740914528947,859.1364283509472
16245,1413.66,1058.9979924644292,905.0808915314589
12458,947.4,353.5175324065111,593.5462997222221
12785,311.95,168.80728926412905,183.36504107142864
13759,659.4100000000001,467.4330142818412,851.7064555627708
16764,2790.9500000000003,6734.825707184351,5676.2724275
13244,121.74,-271.0229800031462,315.86365619047626
17526,1195.9,1677.5429531964373,1288.9072336529398
18121,653.3000000000001,1374.9163144057347,542.5998022943724
18217,621.75,479.42411763713903,712.657688034694
16897,289.78,925.2499385820634,286.5257655952378
18110,198.8,-52.1853437689594,203.66351425784188
12714,4708.86,2224.1412937966584,2335.3967326190473
16998,295.0,2498.090753994421,1891.2136999999984
14220,632.4000000000001,1081.134282200936,337.65719999999965
13267,4521.49,13873.022694071831,5250.591905833333
15690,239.76,554.3685136077509,583.7600439056274
14397,2612.96,13873.022694071831,5250.591905833333
15838,33643.08,13846.042711522412,7022.532466666674
14312,1611.59,2674.810807554496,3158.3065309523836
12945,462.95,396.63825301478926,293.3877919083693
17289,931.02,1035.0157857538334,841.3058869536018
16377,676.2,459.59154563010327,485.89517419552686
17655,2638.94,3344.3179575465206,3299.6353325000014
14720,663.81,1112.95795756327,674.4246864743589
17670,205.7,579.5025791830824,319.49854857142856
15154,254.28,-220.0607907431301,353.385246646907
18139,8438.34,2761.746306880406,2090.942703809524
14377,617.05,1249.0097291751067,239.992785
16779,10611.72,15557.784353454863,6337.4109249999965
17690,4726.8,11542.736091407376,7391.443933333325
17138,380.5,435.60933891950754,205.15122884920638
13803,277.07,495.56485569599704,392.2836766666663
15992,41.99,-4.220930347767762,315.9693061688311
16270,1141.24,201.78282349119831,132.21613333333318
15307,205.3,-280.0163075196196,396.09720404761936
13338,487.02,789.3468879007955,349.86855785714283
13753,741.26,399.63602885361377,327.73958130952377
17058,1179.89,885.1269938126097,751.4256968650795
16665,135.4,174.80284094177807,178.53042379870135
17218,1951.97,5047.066271962497,2592.9410533333335
14057,6211.66,12686.89496186783,7407.096040000008
15790,218.75,-25.2053612195391,247.35441103174605
12431,6419.95,11527.747212213253,6995.380649999997
16014,646.83,1017.0291307208865,563.7661265873011
14714,160.19,-67.17422296308183,290.6324581024367
16063,335.32,480.5759765018747,363.00679547619023
17362,312.23,1105.1164889115319,575.5031237301588
12755,3811.95,982.2076795197283,293.7737416666667
17886,869.28,1035.0157857538334,841.3058869536018
12641,185.9,-339.9718242961091,238.04531742063512
13253,1030.4,1353.9318835339632,419.31242785714306
17343,193.64,195.7872718135493,211.26136999999974
16915,621.6800000000001,2785.728513591002,2010.1911739285727
15581,3675.77,6384.085934041887,3749.7240000000047
13235,1031.07,624.4692167654493,488.01470714285716
17027,877.5600000000001,2578.881980712113,2384.0490249999975
13874,540.45,186.793944297076,299.7148033730158
17735,13110.02,13873.022694071831,5250.591905833333
15990,792.11,434.45748005477196,706.3331964682538
13954,439.92,563.3618411242244,581.8887524314576
17861,2097.88,3926.889608212635,2803.6168508333344
13218,62.64,-375.9451343620028,229.898285
16654,601.27,1266.8476632774843,1507.6939466666663
17958,508.46,-342.96960013493356,437.7401765873017
14440,2357.68,2227.139069635483,1963.220065714285
17931,408.36,164.65765456056909,628.0687999999992
13301,618.09,1380.7631451528143,1243.4545800000005
15436,1067.75,1091.9735266914986,750.3873997222221
12423,1859.31,3935.882935729108,3414.485308333335
17338,6493.54,3884.9207464690926,3057.4786297619057
17966,1098.43,2140.203570309573,1772.1159069624828
17703,798.74,1023.0246823985356,969.9114319444445
12403,427.7,-142.1186189336937,341.1647517591474
13842,3385.62,4323.599156871633,2543.2791000000025
15955,4416.26,7233.45963436338,3728.900819999993
16227,314.22,585.4981308607312,207.62902819264073
17239,382.5,324.69163288300183,271.443552420635
12361,189.9,399.63602885361377,327.73958130952377
16168,3787.6,18341.738245715984,29024.39850000001
12868,1607.0600000000002,3513.3452633854267,882.4833000000006
14973,1314.45,807.1848220031734,691.2185442857142
13052,348.15000000000003,624.4692167654493,488.01470714285716
16485,363.65,-226.056342420779,515.2553499290477
14236,490.86,326.53754985709077,558.7015400000005
17189,383.75,248.59537804765444,597.7017059523808
17990,630.84,1675.6970362223487,2239.093799999997
12797,254.03,165.80951342530466,267.7185582677045
16846,214.32,-145.11639477251816,469.6615810232714
17469,1870.97,2203.156862924887,3663.7129499999983
18014,162.22,-79.1653263183797,311.6178425360751
14401,4051.48,6731.827931345527,3405.843708333333
13725,1980.56,3788.991919626709,3223.3992000000026
15484,3590.41,1686.5362807129109,1753.684935072705
16628,2188.05,2164.1857770201686,2124.732230147907
14592,557.94,1023.0246823985356,969.9114319444445
16655,3789.52,2761.746306880406,2090.942703809524
15953,1657.28,3890.9162981467416,3669.9441702380923
17206,204.24,-154.10972228899163,390.5234728973286
13429,1006.8,1659.5562981634907,1219.351451681097
14508,268.05,500.40854850891037,969.1972011346987
14180,4748.52,17218.5638061273,9238.85270000001
17859,141.92,348.6738395935977,143.2650866666668
13132,77.3,477.5782006630502,296.69285168942184
14470,461.19,533.3840827359795,548.0821427658459
12987,558.7,347.5219807288621,705.8629044444447
14383,1247.69,1014.031354882062,819.2050266666666
13639,1033.34,-217.0630149043056,246.70313012820515
14800,4331.79,6041.336350481732,3489.2133000000026
13078,12627.94,17801.135456793414,14548.796549999986
14624,225.85,395.4863941500537,815.5426238990179
17734,700.63,969.0647172996951,1123.4306671969694
17329,523.11,524.3907552195062,791.3817427980347
15525,734.37,1121.9512850797432,2160.279572100278
13006,81.57,-163.10304980546505,974.952138647741
12843,1702.26,3741.027506205517,5678.940591666666
13405,572.451,906.1114246843811,515.8033054761904
16414,126.25,503.4063243477349,419.9217421428571
16497,2965.69,2665.817480038023,1379.6847066666696
13876,122.7,-184.08748067723639,498.4549029292928
14334,2552.21,3887.9185223079166,3010.301464444443
14332,840.21,1061.9957683032537,1179.7501279660182
18173,2106.84,1431.7253344128303,787.7911000000001
13519,122.75,-229.0541182596035,301.5838093425725
13318,640.76,1124.9490609185677,726.6795053679657
14753,563.15,-256.0341008090238,962.2754110320238
14758,1484.06,1257.8543357610108,1461.9490616666674
13538,1280.85,3245.3913548653127,2997.5090297619054
15039,19766.59,29576.48041744167,52484.71760000002
15135,139.05,543.5292691171885,701.2200161111111
16016,1465.51,3926.889608212635,2803.6168508333344
16712,3611.31,5593.664612562718,5187.5161679761895
15935,416.86,1105.1164889115319,575.5031237301588
16620,178.96,557.3662894465754,609.6305221600619
16735,2247.41,2017.2947609177695,2432.7413750000005
15292,178.39,657.4447509925187,250.70130226190477
13462,151.5,504.55818321247034,208.34152934704173
16257,46.95,732.3891469631305,459.2875675396826
16048,256.44,703.4145265090519,227.82353333333347
14548,652.8,1371.9185385669102,800.5373368253969
16117,232.21,693.4180610584124,306.12504738095265
14513,455.59,828.1692528749447,1232.9754816666673
14903,2795.33,2188.1679837307643,3720.899349292932
13572,1384.25,645.4536476372207,314.1146749999996
15504,52.83,-238.04744577607693,1112.7057424206353
14066,152.55,462.5893214689278,285.299035975691
14198,701.4,1635.5740914528947,859.1364283509472
16813,1652.18,5035.075168607199,3533.74771404762
12753,21429.39,2746.757427686284,4132.806135844157
18151,653.35,164.65765456056909,628.0687999999992
14101,5976.79,2593.870859906235,2178.5583499999966
16366,327.3,-49.187567930134946,462.3137460872381
13666,84.65,948.0802864279237,1587.076708341936
15660,1600.86,4422.52575955284,6200.794449999999
16810,309.54,684.4247335419388,210.04058999999995
16766,1145.6,1003.1921103914997,278.5262691666666
18092,9068.26,5614.64904343449,3165.0371271428608
16110,1320.95,993.0469240102907,1072.6281276190477
16885,450.41,1082.980199175025,1409.2488613095227
17231,3124.72,5023.084065251901,2340.634758333334
12384,585.27,482.42189347596354,633.9508481746035
16778,245.94,344.5242048900376,485.600186089466
18034,418.68,503.4063243477349,419.9217421428571
16233,536.6800000000001,915.1047522008544,1180.224760939061
13994,2274.14,2803.7151686239486,2006.7406043026415
14847,309.40000000000003,816.3268704502159,1026.639653571428
13196,1797.78,1656.5585223246662,1360.6042666125875
15255,890.85,-193.0808081937098,328.87829233627485
13494,316.26000000000005,327.68940872182634,242.19118797619046
14052,225.36,-52.1853437689594,203.66351425784188
17017,8694.26,14434.609913866174,9498.347166666654
12627,4478.53,3344.3179575465206,3299.6353325000014
13344,2511.69,927.0958555561524,762.8692533333336
14946,100.9,-37.19646457483702,215.12817730880238
12866,559.12,411.6271322089117,175.51426964285722
12560,2134.01,1112.95795756327,674.4246864743589
18102,259657.3,35648.868959890024,191968.0514999998
14725,655.58,-67.17422296308183,290.6324581024367
16407,2079.68,5023.084065251901,2340.634758333334
15626,675.8,344.5242048900376,485.600186089466
13349,247.32,-25.2053612195391,247.35441103174605
18146,160.35,146.67099952762226,426.77993809523804
17692,740.94,1308.8165250210268,1389.3807000000002
16526,290.36,747.3780261572529,141.9017883333335
15507,475.86,747.3780261572529,141.9017883333335
14851,511.35,497.41077267008586,421.7571654870129
15009,1259.43,1091.9735266914986,750.3873997222221
15877,490.33,563.3618411242244,581.8887524314576
17278,246.04,537.5337174395397,187.20432857142845
12401,84.3,351.6716154324222,226.71049714285718
14073,151.04,-91.15642967367762,297.5392956746032
16036,758.9200000000001,305.55311898531943,1217.1839000000023
17464,289.96000000000004,786.349112061971,210.37721357142843
13763,1714.96,-184.08748067723639,498.4549029292928
16045,1340.7,1332.7987317316226,995.4999749999989
17880,458.92,168.80728926412905,183.36504107142864
15930,426.63,-196.07858403253425,761.9423649891775
13802,4599.42,714.2537709996145,609.3304200000003
12653,2209.85,1377.9140902445592,542.5998022943724
13414,1390.5,729.2426501937368,1209.4104799999993
16801,1594.23,2456.121892250879,3091.0661
17483,414.04,933.0914072338012,1193.5966016666673
16757,106.83,306.704977850055,364.9854354978353
17917,335.03,993.0469240102907,1072.6281276190477
17394,203.87,603.484785893678,277.4026920238098
15940,35.8,327.68940872182634,242.19118797619046
12747,4196.01,5614.64904343449,3165.0371271428608
14288,426.6,621.4714409266251,844.8623311904769
18183,632.07,1141.0897989774255,786.6734999999999
16426,1863.76,5053.061823640146,2618.620533809526
15491,3100.09,2527.919791452097,1254.4234399999982
16207,394.38,-70.17199880190628,361.52024903144365
13988,4147.96,2755.750755202757,1414.2144564285718
13165,1021.48,428.46192837712294,784.4269290476192
13431,1269.1,365.50863576180893,858.280812108725
17650,166.07999999999998,-58.18089544660836,332.5095503196802
15724,218.25,1219.031970786862,873.3988833333328
17490,2092.32,3374.295715934765,9316.337080252526
15565,173.16000000000005,416.470825021825,807.7912701416149
15857,297.0,-49.187567930134946,462.3137460872381
12468,729.54,1261.0008325304045,212.21002285714275
17018,920.1,446.4485834100698,1042.1258082215013
17914,329.36,-4.220930347767762,315.9693061688311
18071,453.0,1051.1565238126914,724.9527555555555
16943,816.73,1750.6414321929606,726.5842299999998
14653,1926.65,3371.2979400959407,2381.338452362915
14362,151.5,-61.17867128543287,352.47282503246754
12993,414.76,1620.5852122587726,1762.469033809524
14390,4642.57,4467.492397135207,4699.312196547623
17253,178.26,-49.187567930134946,462.3137460872381
13845,312.98,-187.08525651606084,309.7656404208529
17314,2527.92,3863.9363155973206,3056.8596916666675
16644,833.78,1290.9785909186494,318.5988857142858
13001,9785.97,10497.503823628125,29617.26896000003
13868,3192.54,545.3751860912776,717.2882642168858
16091,315.06,1359.9274352116122,1051.0128166666666
15720,598.73,-67.17422296308183,290.6324581024367
13144,110.95,264.7361161065123,262.2864104761904
15281,2332.15,4323.599156871633,2543.2791000000025
16690,225.58,350.5197565676866,521.634575
15221,403.25,162.81173758648015,242.48106973359972
14497,475.37,333.68496039947524,339.68817333333317
14819,272.07,374.50196327828235,640.4148176190477
14348,409.57,480.5759765018747,363.00679547619023
18142,1019.52,1350.934107695139,546.2420666666674
13304,300.42,207.77837516884733,147.92216666666653
12565,145.92000000000002,396.63825301478926,293.3877919083693
14472,1852.67,3627.1120243301875,7339.257500000006
12615,2291.19,1683.5385048740864,1212.2964877380955
17540,578.9,494.41299683126135,956.9538363655786
16513,874.59,1677.5429531964373,1288.9072336529398
16365,1540.42,4446.507966263436,3581.580025238093
13094,1927.32,6119.278522291168,3504.0632475000016
14888,369.2,639.4580959595719,390.2799800000004
14277,4188.0,1082.980199175025,1409.2488613095227
16893,145.93,162.81173758648015,242.48106973359972
15458,161.64,-70.17199880190628,361.52024903144365
13398,457.34,684.4247335419388,210.04058999999995
17702,1824.37,1599.600781387001,1702.7016042857153
17790,1964.3,7227.464082685731,4028.9825616666612
16903,363.2,-82.16310215720421,335.9397686835388
17642,712.29,209.62429214293627,604.3734366666669
15111,1567.48,1041.0113374314824,649.3398601495728
13161,112.75,321.6938570441773,361.2715221428569
13106,76.5,-393.93178939494965,322.96851825396817
17888,716.0,3872.9296431137946,2817.582648095241
13209,5891.61,3845.9496605643744,4108.698837857137
17320,1200.62,828.1692528749447,1232.9754816666673
12541,981.18,1041.0113374314824,649.3398601495728
17119,606.91,557.3662894465754,609.6305221600619
17769,3957.43,5023.084065251901,2340.634758333334
14792,6.2,-184.08748067723639,498.4549029292928
13626,257.23,504.55818321247034,208.34152934704173
16553,5719.82,5693.594353178092,4309.714900000004
12708,2712.91,4972.121875991885,2596.094906666665
12462,1189.59,512.3996518642082,534.3946443026746
18101,222.4,533.3840827359795,548.0821427658459
12642,1013.26,1053.0024407867804,1873.3030320634928
17783,283.47,350.5197565676866,521.634575
15774,270.8,-199.07635987135876,451.39784732683984
15483,225.26,2462.1174439285273,3020.2803999999996
15687,2993.1,4473.487948812856,2694.416233886113
14267,1516.24,1897.5324482953602,793.8322000000004
15358,8347.2,15551.788801777213,8753.820775000004
18145,2861.55,1653.5607464858417,832.7790808730158
17707,152.4,1266.9963842080535,273.73913499999975
16340,534.31,-315.9896175855133,234.8927037439273
12948,2064.95,3326.3313025135735,2980.0908461616154
16374,466.73,368.50641160063344,1494.3718680677641
16728,1048.28,1551.6363679658093,2033.0268516666672
14354,163.62,551.3707377689266,580.3729877195027
15655,560.6700000000001,531.5381657618907,287.33745349206373
16746,6680.11,13305.439922599842,9562.01355499999
12380,2724.81,1626.5807639364211,1210.918030440964
13684,65.13,405.63158053126267,200.23174396825368
14804,353.27,-19.209809541890195,137.16718964447318
17019,1258.08,1656.5585223246662,1360.6042666125875
16866,207.74,708.2582193219655,603.4004200000003
12569,4124.6900000000005,21173.656551398297,14365.187299999992
16616,500.42,521.3929793806817,361.0277083658008
14715,867.38,1617.587436419948,1515.0181798568094
14443,1420.2,1530.6519370940382,1089.6309866666668
18154,399.19,557.3662894465754,609.6305221600619
18048,172.29000000000002,1213.036419109213,692.4173433297259
13826,189.5,732.3891469631305,459.2875675396826
15858,1427.57,2206.1546387637113,1206.180678469309
15287,486.69,500.40854850891037,969.1972011346987
12435,7829.89,329.5353256959153,406.46746214285724
12921,16587.09,23960.60821949824,11958.568399999995
14191,4684.76,6740.821258862,4454.529053333336
13752,1175.38,2440.984292126187,3194.661300000001
15006,480.38,-148.11417061134267,241.09513494676884
14264,333.97,1359.9274352116122,1051.0128166666666
14152,621.29,341.5264290512132,591.1089320238099
14004,4582.64,3245.3913548653127,2997.5090297619054
18096,849.06,1094.9713025303229,1250.8308005952392
12412,1226.88,906.1114246843811,515.8033054761904
12855,38.1,144.82508255353332,335.9296824884404
17716,5655.99,5554.693526657999,5406.482997182536
12909,2178.67,2134.208018631924,730.1838594444442
15103,703.36,473.42856595949,656.6952537306629
13848,1255.0,852.1514595855404,1117.758925
17678,298.11,471.5826489854012,303.0898850288602
13091,345.82,-79.1653263183797,311.6178425360751
17881,133.35,348.6738395935977,143.2650866666668
17489,376.64,392.4886183112293,367.07253234126983
15189,16225.39,26230.939305386208,7887.9807999999875
12377,1628.12,877.2855251608717,410.6070999999998
17262,1253.36,2095.236932727206,2342.9774066666687
18226,5228.05,5488.742458203861,2489.938100000001
12612,704.04,-217.0630149043056,246.70313012820515
12928,2062.7,2146.1991219872216,1706.7593531746031
15574,675.64,2414.1530305073356,597.964
14731,380.02,987.0513723326419,1526.6058937048333
17100,971.74,512.3996518642082,534.3946443026746
15473,1771.2,3332.3268541912225,2072.3504707936513
16473,316.11,1891.5368966177111,777.7481333333327
17857,26879.04,16113.37602157156,8274.161575000004
15844,130.73999999999998,-133.1252914172203,443.7454831942976
13792,195.55,368.50641160063344,1494.3718680677641
12739,1013.04,332.5331015347398,661.1313711111111
16464,1298.66,1070.9890958197273,815.2896837590188
13508,110.97,531.5381657618907,287.33745349206373
13216,333.74,459.59154563010327,485.89517419552686
18192,957.97,-208.06968738783218,287.60101574980575
16769,361.54,480.5759765018747,363.00679547619023
17321,657.16,542.377410252453,844.1900874519921
17976,321.79,144.82508255353332,335.9296824884404
14357,225.12,-124.13196390074683,280.820709062857
14770,876.4200000000001,1126.1009197833032,715.77535
13037,881.07,714.2537709996145,609.3304200000003
18189,1090.24,335.5308773735642,1072.7031161904756
12500,4257.82,5551.695750819175,6083.916974285706
16940,3049.88,972.0624931385194,1123.4306671969694
14785,77.4,536.381858574804,448.7869429288507
12402,225.6,291.7160986559327,240.90883857142867
12703,283.55,-208.06968738783218,287.60101574980575
14300,43.2,-49.187567930134946,462.3137460872381
13395,307.72,705.4091644137102,244.2946653571428
17350,1281.32,1665.5518498411398,1329.474591467838
12790,324.92,684.4247335419388,210.04058999999995
13705,711.86,1106.962405885621,925.1753814285713
17324,986.48,1638.5718672917192,955.4154587766062
18250,349.27,330.68718456065085,472.80945924603196
15630,1186.35,431.45970421594745,409.127317857143
15152,4745.69,6716.839052151404,2507.8279433333337
14690,355.05,434.45748005477196,706.3331964682538
13047,3237.54,4966.126324314236,3185.0105750000034
14412,770.03,440.45303173242087,446.34165418767486
14618,553.44,1100.966854207972,1195.2076266783433
16966,2154.97,3350.3135092241696,2826.7684248412697
14403,1475.81,1299.8231975045535,1398.4540999999992
18167,1384.86,1058.9979924644292,905.0808915314589
12659,91.68,-82.16310215720421,335.9397686835388
15027,1066.15,1599.600781387001,1702.7016042857153
17912,310.06,2577.0360637380236,740.7535999999997
15107,319.5,3135.625507693543,1100.1653000000006
16909,379.14,-211.06746322665663,651.9068284523806
13203,869.46,1662.5540740023152,1716.3483161664813
14931,1257.68,2239.1301729907805,1556.868427481963
15334,350.82,1915.5191033283068,459.55498333333344
13420,159.85,1374.9163144057347,542.5998022943724
14723,1122.36,2782.7307377521774,2257.7233914033195
16011,3352.96,12170.274379655857,4904.935685
16222,773.55,306.704977850055,364.9854354978353
12705,6868.29,4452.503517941085,2778.429350000002
15860,965.16,3815.9719021761293,2300.900378333333
13941,5112.96,2188.1679837307643,3720.899349292932
18015,120.03,-7.2187061865922715,210.43141723665235
18205,517.36,458.4396867653677,536.4437734704185
17361,488.2,981.0558206549929,645.1804190331891
14699,109.13,618.4736650878006,165.13552952380934
14466,2272.4,3287.3602166088554,2689.7487228937725
18233,440.0,285.72054697828366,99.910025
12669,2744.03,1933.5057583612534,417.20179999999976
16200,1068.87,554.3685136077509,583.7600439056274
15462,234.6,846.1559079078916,1394.390536666666
14164,1631.77,356.5153082453355,633.2437134523811
16022,602.63,480.5759765018747,363.00679547619023
13320,1532.2,1455.7075411234262,1150.3440099999984
12417,3649.1,4488.476828006978,2337.4291716666635
14829,697.55,1602.5985572258255,3567.5820542857173
15692,191.04,-79.1653263183797,311.6178425360751
15437,200.16,474.5804248242257,272.31974348484846
15127,406.53,-190.0830323548853,169.43616777712478
13247,501.12,1638.5718672917192,955.4154587766062
17646,1008.39,1726.6592254823645,745.0509866666666
13721,524.14,-103.14753302897549,295.71588975108233
17204,1564.56,2420.1485821849847,756.1959999999995
17038,112.4,-85.16087799602866,310.55920895204423
16147,375.0,-393.93178939494965,322.96851825396817
13428,201.78,-25.2053612195391,247.35441103174605
15388,140.54,450.59821811362985,168.44755301587324
13249,711.41,852.1514595855404,1117.758925
15529,3962.6,5554.693526657999,5406.482997182536
16189,215.48,521.3929793806817,361.0277083658008
15952,781.91,1590.6074538705275,1340.567949898989
16098,2005.63,3113.4892179570356,2352.9627150000006
12488,1298.66,1100.966854207972,1195.2076266783433
15279,290.51,198.7850476523738,186.22333333333324
15041,179.93,750.3758019960774,161.83844190476194
17295,547.0,1044.009113270307,1364.452988203463
17365,4767.36,3899.9096256632147,1560.6242438888876
12359,6310.03,1518.6608337387402,1541.6679816666667
15238,1071.99,1041.0113374314824,649.3398601495728
12740,427.6,-184.08748067723639,498.4549029292928
13422,2626.3,-187.08525651606084,309.7656404208529
14132,3586.03,5614.64904343449,3165.0371271428608
18196,686.63,281.5709122747237,915.4269338997113
13479,300.95,1222.0297466256864,621.1948733333325
13323,787.85,2242.127948829605,2689.6362737301574
16992,1614.31,2221.143517957834,3552.316059379509
15210,331.18,585.4981308607312,207.62902819264073
14009,695.61,1228.0252983033354,365.8131033333331
16316,2938.91,3744.025282044342,5687.141075
17222,328.65,-190.0830323548853,169.43616777712478
16996,1456.96,2722.7752209756877,1631.6829799999985
16445,230.51,-94.15420551250207,1108.9731214754684
14702,3251.79,12752.846030321969,4942.37152833333
13703,99.5,306.704977850055,364.9854354978353
17252,348.91,218.61761965940968,1479.8846633333333
15853,110.8,-148.11417061134267,241.09513494676884
18246,596.1,497.41077267008586,421.7571654870129
16386,302.57,482.42189347596354,633.9508481746035
15856,16143.64,18359.72490074893,32844.8591
13263,7436.93,22861.415986620148,12405.253371666658
17462,675.69,386.49306663358027,1236.2614807142857
17406,2184.42,1384.9127798563745,853.4027000000001
14550,757.37,536.381858574804,448.7869429288507
14489,463.38,639.4580959595719,390.2799800000004
15408,267.18,468.5848731465767,218.76443714285725
14849,7930.54,17185.58827190023,10769.753616666665
15985,1142.42,197.63318878763835,531.5851290476185
17076,841.0799999999999,1020.026906559711,598.3337378968254
15948,955.24,542.377410252453,844.1900874519921
12877,1535.77,6173.238487390008,4319.748788690476
14542,103.25,705.4091644137102,244.2946653571428
15717,150.3,558.518148311311,258.1686975396826
